{
  "content_scale": 1.0,
  "armature_data": [
    {
      "strVersion": "1.6.0.0",
      "version": 1.6,
      "name": "tank",
      "bone_data": [
        {
          "name": "b",
          "parent": "",
          "dI": 0,
          "x": -3.0,
          "y": 6.67333984375,
          "z": 1,
          "cX": 1.0,
          "cY": 1.0,
          "kX": 0.0,
          "kY": 0.0,
          "arrow_x": 0.0,
          "arrow_y": 0.0,
          "effectbyskeleton": true,
          "bl": 0,
          "display_data": [
            {
              "name": "坦克001/tank_body0_0.png",
              "displayType": 0,
              "skin_data": [
                {
                  "x": 1.0,
                  "y": -8.0,
                  "cX": 1.0,
                  "cY": 1.0,
                  "kX": 0.0,
                  "kY": 0.0
                }
              ]
            }
          ]
        },
        {
          "name": "t",
          "parent": "b",
          "dI": 1,
          "x": 1.1818233728408814,
          "y": 1.2115049362182617,
          "z": 2,
          "cX": 1.0,
          "cY": 1.0,
          "kX": 1.53243279,
          "kY": -1.53243279,
          "arrow_x": 50.982078552246094,
          "arrow_y": 1.8325683413422666E-05,
          "effectbyskeleton": true,
          "bl": 50,
          "display_data": [
            {
              "name": "坦克001/tank_turret0_0.png",
              "displayType": 0,
              "skin_data": [
                {
                  "x": 10.9421053,
                  "y": 0.324211121,
                  "cX": 1.00000012,
                  "cY": 1.00000012,
                  "kX": -1.51727593,
                  "kY": 1.51727629
                }
              ]
            },
            {
              "name": "坦克001/tank_turret0_1.png",
              "displayType": 0,
              "skin_data": [
                {
                  "x": 10.9421053,
                  "y": 0.324211121,
                  "cX": 1.00000012,
                  "cY": 1.00000012,
                  "kX": -1.51727593,
                  "kY": 1.51727593
                }
              ]
            }
          ]
        },
        {
          "name": "r",
          "parent": "t",
          "dI": -1,
          "x": 37.490192413330078,
          "y": 7.1068015098571777,
          "z": 4,
          "cX": 1.0,
          "cY": 1.0,
          "kX": -1.52876949,
          "kY": 1.52876949,
          "arrow_x": -3.4570693969726562E-05,
          "arrow_y": -1.2473843526095152E-05,
          "effectbyskeleton": true,
          "bl": 0
        },
        {
          "name": "l",
          "parent": "t",
          "dI": -1,
          "x": 37.346908569335938,
          "y": -7.9498939514160156,
          "z": 3,
          "cX": 1.0,
          "cY": 1.0,
          "kX": -1.52876949,
          "kY": 1.52876949,
          "arrow_x": -2.0146369934082031E-05,
          "arrow_y": 5.5267591960728168E-06,
          "effectbyskeleton": true,
          "bl": 0
        }
      ]
    }
  ],
  "animation_data": [
    {
      "name": "tank",
      "mov_data": [
        {
          "name": "000",
          "dr": 1,
          "lp": true,
          "to": 0,
          "drTW": 0,
          "twE": 0,
          "sc": 1.0,
          "mov_bone_data": [
            {
              "name": "r",
              "dl": 0.0,
              "frame_data": [
                {
                  "dI": -1,
                  "x": 0.0,
                  "y": 0.0,
                  "z": 0,
                  "cX": 1.0,
                  "cY": 1.0,
                  "kX": 0.0,
                  "kY": 0.0,
                  "fi": 0,
                  "twE": 0,
                  "tweenFrame": true,
                  "bd_src": 1,
                  "bd_dst": 771
                }
              ]
            },
            {
              "name": "l",
              "dl": 0.0,
              "frame_data": [
                {
                  "dI": -1,
                  "x": 0.0,
                  "y": 0.0,
                  "z": 0,
                  "cX": 1.0,
                  "cY": 1.0,
                  "kX": -0.0431857258,
                  "kY": 0.0431857258,
                  "fi": 0,
                  "twE": 0,
                  "tweenFrame": true,
                  "bd_src": 1,
                  "bd_dst": 771
                }
              ]
            },
            {
              "name": "t",
              "dl": 0.0,
              "frame_data": [
                {
                  "dI": 1,
                  "x": 0.0,
                  "y": 0.0,
                  "z": 0,
                  "cX": 1.0,
                  "cY": 1.0,
                  "kX": 0.0,
                  "kY": 0.0,
                  "fi": 0,
                  "twE": 0,
                  "tweenFrame": true,
                  "bd_src": 1,
                  "bd_dst": 771
                }
              ]
            },
            {
              "name": "b",
              "dl": 0.0,
              "frame_data": [
                {
                  "dI": 0,
                  "x": 0.0,
                  "y": 0.0,
                  "z": 0,
                  "cX": 1.0,
                  "cY": 1.0,
                  "kX": 0.0,
                  "kY": 0.0,
                  "fi": 0,
                  "twE": 0,
                  "tweenFrame": true,
                  "bd_src": 1,
                  "bd_dst": 771
                }
              ]
            }
          ]
        },
        {
          "name": "001",
          "dr": 0,
          "lp": true,
          "to": 0,
          "drTW": 0,
          "twE": 0,
          "sc": 1.0,
          "mov_bone_data": [
            {
              "name": "t",
              "dl": 0.0,
              "frame_data": [
                {
                  "dI": 0,
                  "x": 0.0,
                  "y": 0.0,
                  "z": 0,
                  "cX": 1.0,
                  "cY": 1.0,
                  "kX": 0.0,
                  "kY": 0.0,
                  "fi": 0,
                  "twE": 0,
                  "tweenFrame": true,
                  "bd_src": 1,
                  "bd_dst": 771
                }
              ]
            },
            {
              "name": "b",
              "dl": 0.0,
              "frame_data": [
                {
                  "dI": 0,
                  "x": 0.0,
                  "y": 0.0,
                  "z": 0,
                  "cX": 1.0,
                  "cY": 1.0,
                  "kX": 0.0,
                  "kY": 0.0,
                  "fi": 0,
                  "twE": 0,
                  "tweenFrame": true,
                  "bd_src": 1,
                  "bd_dst": 771
                }
              ]
            }
          ]
        },
        {
          "name": "002",
          "dr": 0,
          "lp": true,
          "to": 0,
          "drTW": 0,
          "twE": 0,
          "sc": 1.0,
          "mov_bone_data": [
            {
              "name": "t",
              "dl": 0.0,
              "frame_data": [
                {
                  "dI": 0,
                  "x": 0.0,
                  "y": 0.0,
                  "z": 0,
                  "cX": 1.0,
                  "cY": 1.0,
                  "kX": 0.0,
                  "kY": 0.0,
                  "fi": 0,
                  "twE": 0,
                  "tweenFrame": true,
                  "bd_src": 1,
                  "bd_dst": 771
                }
              ]
            },
            {
              "name": "b",
              "dl": 0.0,
              "frame_data": [
                {
                  "dI": 0,
                  "x": 0.0,
                  "y": 0.0,
                  "z": 0,
                  "cX": 1.0,
                  "cY": 1.0,
                  "kX": 0.0,
                  "kY": 0.0,
                  "fi": 0,
                  "twE": 0,
                  "tweenFrame": true,
                  "bd_src": 1,